project;mergecommit;consecutiveLinesonly;spacingonly;samePositiononly;sameStmtonly;otheronly;consecutiveLinesAndSamePosition;consecutiveLinesAndsameStmt;otherAndsamePosition;otherAndsameStmt;spacingAndSamePosition;spacingAndSameStmt;ssmergeConf;textualConf;jdimeConfs;smergeTime;textualTime;jdimeTime;sucessfullMerge;isSsEqualsToUn;isStEqualsToUn;travisStatus;travisBuildURI;travisBuildTime;travisJOBuri
guilhermejccavalcanti/neo4j-reco;5d12362c872f7d2f2d61c21dc493b836d07a6936;0;0;0;0;0;0;0;0;0;0;0;1;2;0;178074125;36201361;1271062200;true;false;false;ERRORED;/builds/425536884;63;/jobs/425536885
guilhermejccavalcanti/elasticsearch-entity-resolution;8918c24485205f725d3938fd5907aa0720faa326;0;0;0;0;0;0;0;0;0;0;0;1;1;0;99730269;19969869;731389224;true;false;false;PASSED;/builds/425537381;35;/jobs/425537382
guilhermejccavalcanti/stateless4j;4c7880ec0e20cabecb1c31043e95ff6b8a707543;0;0;0;0;0;0;0;0;0;0;0;5;11;0;1611272474;220103729;9598160781;true;false;false;PASSED;/builds/425537623;52;/jobs/425537624
guilhermejccavalcanti/glacieruploader;cfeacbf6ce259d925301898491500214446bfa79;0;0;0;0;0;0;0;0;0;0;0;1;1;0;323589387;53609079;1863601344;true;false;false;PASSED;/builds/425537870;41;/jobs/425537871
guilhermejccavalcanti/JavaVerbalExpressions;1739d58c32a1c7b9ef9023e0330504f2126a4535;0;0;0;0;0;0;0;0;0;0;0;1;2;0;772822211;75255295;2888119618;true;false;false;ERRORED;/builds/425538347;71;/jobs/425538348
guilhermejccavalcanti/jOOU;14b486d119985f469f78ed5ee3144c4240f54f24;0;0;0;0;0;0;0;0;0;0;0;16;0;0;278336989;36840042;1490044757;true;false;false;PASSED;/builds/425538820;95;/jobs/425538822
guilhermejccavalcanti/stateless4j;26ac62ceca4d74ab85952e8fe26a1dcf201eeda7;0;0;0;0;0;0;0;0;0;0;0;8;9;0;1373760099;146839947;9615870057;true;false;false;PASSED;/builds/425539188;42;/jobs/425539189
guilhermejccavalcanti/Achilles;c8ea77623635d50226b12c9d29bc58ff399fb81e;0;0;0;0;0;0;0;0;0;0;0;4;6;0;717783907;85545653;4627969137;true;false;false;EXTERNAL;/builds/425539483;73;
guilhermejccavalcanti/Achilles;e738804ae77249f470f962a7467701fbf20cb285;0;0;0;0;0;0;0;0;0;0;0;1;2;0;1377496620;101965501;8592889258;true;false;false;EXTERNAL;/builds/425539879;26;
guilhermejccavalcanti/Twig-Eclipse-Plugin;6a70f195651835b30f41e56348cd941a19b795f2;0;0;0;0;0;0;0;0;0;0;0;110;2;0;4723838240;231489280;29960973284;true;false;false;EXTERNAL;/builds/425540249;484;
guilhermejccavalcanti/dozer;16217a20abe8a64f694de5c3f2f63d66fbd19c01;0;0;0;0;0;0;0;0;0;0;0;3;0;0;244103326;34602027;1605295153;true;false;false;NONE;null;0;
guilhermejccavalcanti/Twig-Eclipse-Plugin;62f46de971a61f070955384066ab2845103b8d48;0;0;0;0;0;0;0;0;0;0;0;1;4;0;1652740409;112773300;5352740193;true;false;false;EXTERNAL;/builds/425542060;100;
guilhermejccavalcanti/CorfuDB;fb20d30f9b0e2022c99d79abc9a367cc995e3115;0;0;0;0;0;0;0;0;0;0;0;1;1;0;498387831;73999581;2605224017;true;false;false;EXTERNAL;/builds/425542419;87;
guilhermejccavalcanti/jackson-jr;11a728262c7986bafa7f347e10c39481adb88647;0;0;0;0;0;0;0;0;0;0;0;4;5;0;184316198;22939354;1120079327;true;false;false;FAILED;/builds/425542765;1441;/jobs/425542768
guilhermejccavalcanti/urlbuilder;21cdbacd377e48fcf6796f3bfb50201a96155ea5;0;0;0;0;0;0;0;0;0;0;0;2;2;0;1253850882;88519158;6029237408;true;false;false;PASSED;/builds/425545152;140;/jobs/425545153
guilhermejccavalcanti/pac4j;f5947b564c54e53557a63f9128b86eb25787c885;0;0;0;0;0;0;0;0;0;0;0;1;1;0;530877723;70182644;3299716599;true;false;false;EXTERNAL;/builds/425545462;30;
guilhermejccavalcanti/jzy3d-api;30e6ee46a0a78937d0d164edbcde0372cb1d2267;0;0;0;0;0;0;0;0;0;0;0;3;0;0;1021424455;57958302;9320018953;true;false;false;NONE;null;0;
guilhermejccavalcanti/jmeter-plugins;d72a331b03462babb9baf63339e09e192a90d12e;0;0;0;0;0;0;0;0;0;0;0;1;2;0;386029598;55486463;1998626138;true;false;false;EXTERNAL;/builds/425545719;19;
guilhermejccavalcanti/barge;c9ac2667fc48b51ee697e791d8e0e6dc75ebc71d;0;0;0;0;0;0;0;0;0;0;0;1;0;0;944884684;125126306;5972209755;true;false;false;NONE;null;0;
guilhermejccavalcanti/jackson-datatype-hibernate;ec355d58fef047aba272302f7b8ed876a648c8d2;0;0;0;0;0;0;0;0;0;0;0;2;3;0;669527383;112647728;3847581405;true;false;false;EXTERNAL;/builds/425546030;18;
guilhermejccavalcanti/webapp-runner;07adc377285f984dba575c37eb0e31f70000c727;0;0;0;0;0;0;0;0;0;0;0;1;1;0;164752116;21417033;905472283;true;true;false;EXTERNAL;/builds/425546249;19;
guilhermejccavalcanti/spring-cloud-config;ccdbfb04e69adbb484e40c82ccf2dc88e80e914e;0;0;0;0;0;0;0;0;0;0;0;1;1;0;652290703;70109034;3695576640;true;false;false;EXTERNAL;/builds/425546436;201;/jobs/425546437
guilhermejccavalcanti/java-faker;dea1f0b1b52d7b5f2f2d397545fd947a85a39e2f;0;0;0;0;0;0;0;0;0;0;0;1;2;0;200938631;26618038;2012044954;true;false;false;EXTERNAL;/builds/425547505;176;/jobs/425547507
guilhermejccavalcanti/Xebium;817270a3db61546589c3d5a2869c228d58f2a057;0;0;0;0;0;0;0;0;0;0;0;1;1;0;536448946;51710663;2740012823;true;false;false;EXTERNAL;/builds/425547849;36;
guilhermejccavalcanti/Handy-URI-Templates;6553ba922d3cac5e736cf4fe7345af691334626b;0;0;0;0;0;0;0;0;0;0;0;1;0;0;695566434;55759257;3697495469;true;false;false;EXTERNAL;/builds/425547970;438;
guilhermejccavalcanti/lavagna;779ac2316088039cdbfbde4a0b7b7039e54c2762;0;0;0;0;0;0;0;0;0;0;0;1;0;0;640884430;65822596;3972463373;true;false;false;NONE;null;0;
guilhermejccavalcanti/goclipse;f7a701d2e8a6573c70cd6cfbd0f787b22a68277c;0;0;0;0;0;0;0;0;0;0;0;1;1;0;148947442;24434147;1040285214;true;true;false;PASSED;/builds/425549608;244;/jobs/425549609
guilhermejccavalcanti/rival;241312650b5ec5fbf6d02fc32419e589b2d356b6;0;0;0;0;0;0;0;0;0;0;0;4;9;0;4960865340;580994618;30916843606;true;false;false;ERRORED;/builds/425550607;607;/jobs/425550608
guilhermejccavalcanti/cloudify;18427e9487e67ccceda66615ad06fe65ae4ee6b3;0;0;0;0;0;0;0;0;0;0;0;5;7;0;2123130155;77616408;10006442492;true;false;false;EXTERNAL;/builds/425552790;19;
guilhermejccavalcanti/parseq;3cd7da7d39e51fb16bfd1a0cc66aee4faca4f27c;0;0;0;0;0;0;0;0;0;0;0;1;0;0;299334008;34667596;2212380471;true;false;false;EXTERNAL;/builds/425553059;69;/jobs/425553060
guilhermejccavalcanti/tenacity;eb2f0c9db5ec13813798b873851a959be40f87eb;0;0;0;0;0;0;0;0;0;0;0;1;2;0;417848641;47048439;2718202066;true;false;false;EXTERNAL;/builds/425553391;3676;
guilhermejccavalcanti/elasticsearch-analysis-ik;ca2bfe57320fbf2bbef20c9ca69b9d78f4912710;0;0;0;0;0;0;0;0;0;0;0;4;8;0;1120234590;132348207;6679925684;true;false;false;PASSED;/builds/425562445;51;/jobs/425562446
guilhermejccavalcanti/spring-boot-admin;b04064503d9e980f2db643a3f51aaf3a833790a9;0;0;0;0;0;0;0;0;0;0;0;3;4;0;191290666;30897362;1374582189;true;false;false;EXTERNAL;/builds/425562596;2996;
guilhermejccavalcanti/AsciidocFX;4093bb8b905c70b52d80932ffc9dd21cd384173c;0;0;0;0;0;0;0;0;0;0;0;1;1;0;1495712480;61144908;12089666929;true;true;false;PASSED;/builds/425571917;68;/jobs/425571918
guilhermejccavalcanti/jackson-dataformat-yaml;2f1e4e1aa27ca546d9c20b179ac41415456c065f;0;0;0;0;0;0;0;0;0;0;0;3;4;0;1461300357;97227192;13507014523;true;false;false;EXTERNAL;/builds/425572403;22;
guilhermejccavalcanti/protostuff;9a760015da4b5cdf196f954179517e18f2c40988;0;0;0;0;0;0;0;0;0;0;0;1;0;0;768764337;79302343;5611354127;true;false;false;PASSED;/builds/425572631;95;/jobs/425572632
guilhermejccavalcanti/jdeb;284a4457cf126bf3101c9c8b16e98dda56a68ec3;0;0;0;0;0;0;0;0;0;0;0;1;1;0;401212908;46303052;3049058508;true;true;false;PASSED;/builds/425573567;138;/jobs/425573570
guilhermejccavalcanti/neo4j-framework;5cb2fff785fb74b2fc92ac8c4791880a00b48fa1;0;0;0;0;0;0;0;0;0;0;0;2;2;0;1502599112;105444695;6144223052;true;false;false;FAILED;/builds/425574724;575;/jobs/425574725
guilhermejccavalcanti/crawler4j;9f6ef444979291e887c1c5385b99b14ff209c75b;0;0;0;0;0;0;0;0;0;0;0;3;6;0;463521671;52868950;2345803766;true;false;false;ERRORED;/builds/425577480;118;/jobs/425577481
guilhermejccavalcanti/tahrir;bdf570955ff767333229a19fbb23988077cf4d4f;0;0;0;0;0;0;0;0;0;0;0;1;2;0;702186456;89337227;4794912566;true;false;false;ERRORED;/builds/425578244;184;/jobs/425578245
guilhermejccavalcanti/japicmp;21f5152eb2feba4aaee044797b2c444eb53de71c;0;0;0;0;0;0;0;0;0;0;0;1;0;0;579991903;46948229;3100327507;true;false;false;PASSED;/builds/425579214;699;/jobs/425579215
guilhermejccavalcanti/tephra;dd9785152a3948d2b370568fff2cfe35afb5371f;0;0;0;0;0;0;0;0;0;0;0;1;0;0;1170997281;63670563;6720477814;true;false;false;NONE;null;0;
guilhermejccavalcanti/pushy;87b2e6aa1b6b8a58ed1bb88c74579d2521a9beea;0;0;0;0;0;0;0;0;0;0;0;2;4;0;876956138;103502359;5900448809;true;false;false;FAILED;/builds/425581745;288;/jobs/425581747
guilhermejccavalcanti/robospice;a33d255533ed8c737673363f51987fe913be8c22;0;0;0;0;0;0;0;0;0;0;0;1;3;0;2039630759;157850021;10956082495;true;false;false;EXTERNAL;/builds/425582665;135;
guilhermejccavalcanti/lavagna;7cc200e299c969426bd63aa178a0f66f55c50e11;0;0;0;0;0;0;0;0;0;0;0;1;1;0;579626633;46517698;3063648912;true;true;false;FAILED;/builds/425583169;856;/jobs/425583171
guilhermejccavalcanti/java-faker;ca42fcfaf45cae1754c58e02e1d5d2a58ec03561;0;0;0;0;0;0;0;0;0;0;0;1;1;0;303568485;38062044;3293326376;true;true;false;FAILED;/builds/425584326;179;/jobs/425584329
guilhermejccavalcanti/frontend-maven-plugin;b8126d032da8c01574726c828ebf070199c43849;0;0;0;0;0;0;0;0;0;0;0;1;1;0;147118617;23102349;838835638;true;false;false;EXTERNAL;/builds/425584937;85;/jobs/425584938
guilhermejccavalcanti/sardine;d9f4ce04bcf2d191150301f19995f5d6b8db941f;0;0;0;0;0;0;0;0;0;0;0;1;2;0;171730606;24508996;912180454;true;false;false;ERRORED;/builds/425585662;47;/jobs/425585663
guilhermejccavalcanti/CorfuDB;e52fbd80dc8fc9f6d6057f39ef7285a77ba0f848;0;0;0;0;0;0;0;0;0;0;0;1;0;0;1607216456;92195986;5942235002;true;false;false;PASSED;/builds/425586270;245;/jobs/425586271
guilhermejccavalcanti/robospice;6ab56bbb417841e8ab42a63a5ed153f0c50e4983;0;0;0;0;0;0;0;0;0;0;0;4;4;0;1443420663;136788359;8314851969;true;false;false;EXTERNAL;/builds/425587351;126;
guilhermejccavalcanti/acs-aem-commons;576677c2a2010e7cf7699fbbde6758a73c2ed0dd;0;0;0;0;0;0;0;0;0;0;0;9;11;0;684270886;53462476;3930791925;true;false;false;PASSED;/builds/425587623;209;/jobs/425587624
guilhermejccavalcanti/roboguice;d5ccda47ccba825e05ffc8a5b39177dcf0b554cd;0;0;0;0;0;0;0;0;0;0;0;1;1;0;207666287;28399544;1322370478;true;false;false;EXTERNAL;/builds/425588578;41;
guilhermejccavalcanti/elasticsearch-sql;b7124a9b8345cea0fcac53474d1eddb0b9b7a429;0;0;0;0;0;0;0;0;0;0;0;2;3;0;2746935331;181826730;14813688889;false;false;false;NONE;null;0;
guilhermejccavalcanti/openpnp;60c2a9084ec38eeb22f637740d2b72a9a279c676;0;0;0;0;0;0;0;0;0;0;0;1;1;0;976678674;81553349;5208613949;true;false;false;EXTERNAL;/builds/425860726;84;
guilhermejccavalcanti/oltpbench;865443d294ae76d8ea2002cbd27d11aa37291ea9;0;0;0;0;0;0;0;0;0;0;0;1;1;0;1599953113;168622250;7849376829;true;false;false;PASSED;/builds/425861242;129;/jobs/425861243
guilhermejccavalcanti/jacoco;78f2d42aa6b33a607e1d0f25391324cb9b06a5d5;0;0;0;0;0;0;0;0;0;0;0;3;3;0;321086310;39055481;1974616953;true;false;false;EXTERNAL;/builds/425862242;110;
guilhermejccavalcanti/oltpbench;90addbe818f625d48d029d2bb251073a167648f0;0;0;0;0;0;0;0;0;0;0;0;1;1;0;1656622916;170175810;7863078645;true;false;false;PASSED;/builds/425862980;120;/jobs/425862981
guilhermejccavalcanti/swagger-core;be8b11c4794afe857f035cd7bc45204d8a8a4f39;0;0;0;0;0;0;0;0;0;0;0;1;1;0;145040194;28682852;1026016781;true;true;false;EXTERNAL;/builds/425863950;9;
guilhermejccavalcanti/oltpbench;fc81095071ce840208ca5185788607afd6e6b1c5;0;0;0;0;0;0;0;0;0;0;0;1;1;0;1607983183;176855217;7794376258;true;false;false;PASSED;/builds/425864278;129;/jobs/425864279
guilhermejccavalcanti/quickml;a7dff677ced91745215ff17b0dae249b2d22e2fb;0;0;0;0;0;0;0;0;0;0;0;1;0;0;240657227;28984719;1640413384;true;false;false;EXTERNAL;/builds/425865254;2997;
guilhermejccavalcanti/jmeter-plugins;872550a2d492ae3c4a16edbdedcc12f6f63927f8;0;0;0;0;0;0;0;0;0;0;0;1;1;0;350939512;37319132;1412454329;true;true;false;EXTERNAL;/builds/425882284;18;
guilhermejccavalcanti/oltpbench;d44ca95a832aeff9fc344c0fc1d416dcdd52bfd2;0;0;0;0;0;0;0;0;0;0;0;1;1;0;1058105523;75948412;7615225498;true;false;false;PASSED;/builds/425882806;157;/jobs/425882807
guilhermejccavalcanti/pac4j;e4f8f1edcc54e67f5026741335b954ec7cfe4494;0;0;0;0;0;0;0;0;0;0;0;1;0;0;479863270;47212981;4261911264;true;false;false;EXTERNAL;/builds/425883942;19;
guilhermejccavalcanti/quickml;3bf4b51f14787fc187a629af8838073b0c40f5df;0;0;0;0;0;0;0;0;0;0;0;1;1;0;178873637;25909148;961514848;true;true;false;EXTERNAL;/builds/425884392;50;
guilhermejccavalcanti/elasticsearch-sql;eb5fe5f1e304a0c645ff2c21be0bca985133edd0;0;0;0;0;0;0;0;0;0;0;0;1;1;0;3504119578;196007945;14783895996;true;false;false;ERRORED;/builds/425885096;54;/jobs/425885097
guilhermejccavalcanti/sejda;5c19c368cef65a279d2a7732e2977addf47feb1d;0;0;0;0;0;0;0;0;0;0;0;1;1;0;264465374;35957022;1820134473;true;true;false;PASSED;/builds/425885571;697;/jobs/425885572
guilhermejccavalcanti/elasticsearch-sql;a83233fc7b0b4948a51baa8081366ed9a28ca7c4;0;0;0;0;0;0;0;0;0;0;0;1;1;0;3900514377;259385610;17525189896;true;false;false;PASSED;/builds/425890025;92;/jobs/425890026
guilhermejccavalcanti/jackson-dataformat-csv;fbaf351eccddc06591f9e6e8ad39d5ac42758051;0;0;0;0;0;0;0;0;0;0;0;1;1;0;725486133;51305493;5135288927;true;false;false;EXTERNAL;/builds/425891013;33;
guilhermejccavalcanti/quickml;bae968d9a85c0501ba8842a6f88e7fc2c6b78693;0;0;0;0;0;0;0;0;0;0;0;1;1;0;228225970;26238231;919436067;true;true;false;EXTERNAL;/builds/425891550;2997;
guilhermejccavalcanti/swagger-maven-plugin;e825a7fdc6ef688f1253b93d2cb236e710acfc56;0;0;0;0;0;0;0;0;0;0;0;1;2;0;622589981;47951872;3526151785;true;false;false;PASSED;/builds/425909413;120;/jobs/425909415
guilhermejccavalcanti/LittleProxy;623e614dd71401617311009785ed644907432e4d;0;0;0;0;0;0;0;0;0;0;0;2;3;0;1694784551;141452131;14656927256;true;false;false;PASSED;/builds/425910426;51;/jobs/425910427
guilhermejccavalcanti/quickml;0d29fd9917e6e53993ea96798b84e945d17aa41e;0;0;0;0;0;0;0;0;0;0;0;1;1;0;176815318;25888735;934263696;false;true;false;NONE;null;0;
guilhermejccavalcanti/la4j;ab74f88e4f31fd656902b523c1e648f8a1b228bd;0;0;0;0;0;0;0;0;0;0;0;1;2;0;702685340;45296316;4121756910;true;false;false;PASSED;/builds/425910894;72;/jobs/425910896
guilhermejccavalcanti/GCViewer;668f19dfb94ff17bfd24170e211af37586699d6f;0;0;0;0;0;0;0;0;0;0;0;1;1;0;135048610;21832718;765358755;true;true;false;PASSED;/builds/425911380;78;/jobs/425911381
guilhermejccavalcanti/cron-utils;25bab4d6ceed4d6107eeded749a196f8713685af;0;0;0;0;0;0;0;0;0;0;0;2;3;0;3023168846;186756796;16051300854;true;false;false;EXTERNAL;/builds/425912417;54;/jobs/425912418
guilhermejccavalcanti/LittleProxy;cca537907ef995950aed9365fde7367ad4b12c8e;0;0;0;0;0;0;0;0;0;0;0;2;1;0;771766297;48787881;10558857251;true;false;false;ERRORED;/builds/425912893;44;/jobs/425912894
guilhermejccavalcanti/mvvmFX;8119fd2454fa0804a985421f8b9f4a97f5ccc4ab;0;0;0;0;0;0;0;0;0;0;0;2;2;0;157100922;26025440;1147201506;true;true;false;PASSED;/builds/425913317;52;/jobs/425913324
guilhermejccavalcanti/rexster;fd1733b8ed502f24fd844e235e6dff88ccdc3cd3;0;0;0;0;0;0;0;0;0;0;0;1;0;0;141734512;25763163;848849182;false;false;false;NONE;null;0;
guilhermejccavalcanti/effektif;c7227158f4b02f6882488f1594f3aff24a391e71;0;0;0;0;0;0;0;0;0;0;0;5;0;0;768575980;57434985;4573742407;true;false;false;EXTERNAL;/builds/425913736;26;
guilhermejccavalcanti/webmagic;b7f3c4bba0bafb703221526062428cb17f86cf5b;0;0;0;0;0;0;0;0;0;0;0;1;1;0;718013708;80771775;4332210820;true;false;false;EXTERNAL;/builds/425914405;30;
guilhermejccavalcanti/pushy;e7635b0f10606fc9408255ce180cb009271c172b;0;0;0;0;0;0;0;0;0;0;0;2;3;0;557012650;54570968;3169599603;true;false;false;EXTERNAL;/builds/425915245;96;
guilhermejccavalcanti/spring-cloud-config;4d4cd17ed23acc036c03d07b21e3e12eb27d8ea2;0;0;0;0;0;0;0;0;0;0;0;2;2;0;392305073;38363601;1965969540;true;true;false;PASSED;/builds/425915917;257;/jobs/425915918
guilhermejccavalcanti/jsoup;c850608f18d6cf71d96713abed84def85f5bb8fe;0;0;0;0;0;0;0;0;0;0;0;3;9;0;4762220092;475068359;23278979385;true;false;false;PASSED;/builds/425917852;61;/jobs/425917853
guilhermejccavalcanti/pushy;21150905f25ebda8cf4dacfc99ada626f5113a8d;0;0;0;0;0;0;0;0;0;0;0;1;1;0;1158020747;128038262;7019461088;true;false;false;ERRORED;/builds/425918897;75;/jobs/425918899
guilhermejccavalcanti/sejda;511698d50250e4bf45e2cf5c9642f89da69b224a;0;0;0;0;0;0;0;0;0;0;0;1;1;0;1186357815;95931581;6442355781;true;false;false;EXTERNAL;/builds/425919451;105;
guilhermejccavalcanti/cron-utils;1ca44547bfda1b7f86388df3095bcdc1dfe29d0d;0;0;0;0;0;0;0;0;0;0;0;4;0;0;472070421;57376529;2555769309;true;false;false;EXTERNAL;/builds/415745005;40;/jobs/415745006
guilhermejccavalcanti/jsonld-java;7396610658377d41bac22ab9516ad2a617c488d0;0;0;0;0;0;0;0;0;0;0;0;4;4;0;2160034220;65579804;8226733342;true;true;false;FAILED;/builds/425920729;89;/jobs/425920731
guilhermejccavalcanti/elasticsearch-sql;1a0ab0bfa50c050368eecc9d3306b68ff9dd52ae;0;0;0;0;0;0;0;0;0;0;0;1;1;0;2724525790;181263205;11705715136;true;false;false;ERRORED;/builds/425921870;70;/jobs/425921871
guilhermejccavalcanti/mybatis-3;fbf105117132a4c0ea9c16e8494e1b44f9cbcf39;0;0;0;0;0;0;0;0;0;0;0;1;1;0;1352395955;58663791;5590859703;true;false;false;EXTERNAL;/builds/425922893;894;
guilhermejccavalcanti/nodebox;eb7e9d5e94ee82f4d1b70b89974f8da8bad3749a;0;0;0;0;0;0;0;0;0;0;0;1;1;0;1328049644;60674788;11040007472;true;true;false;EXTERNAL;/builds/425927906;38;
guilhermejccavalcanti/rexster;c908cf3aaae2ad709c83a648910ed8a1dd2dac32;0;0;0;0;0;0;0;0;0;0;0;4;4;0;438384818;46284186;2407165486;false;true;false;NONE;null;0;
guilhermejccavalcanti/cassandra-reaper;eb3f51cb4dfff2e97472c321363857c4fcf8fe5b;0;0;0;0;0;0;0;0;0;0;0;1;0;0;414435945;42596531;2448383516;true;false;false;EXTERNAL;/builds/425928248;24;
guilhermejccavalcanti/quickml;8cf1936883c8dab2e45d732947d4f983744f52b7;0;0;0;0;0;0;0;0;0;0;0;1;1;0;186352866;22481606;911417128;true;true;false;PASSED;/builds/425928675;108;/jobs/425928676
guilhermejccavalcanti/elasticsearch-sql;e56a98377a5a68e4e5c63174142c8ba7c01757d9;0;0;0;0;0;0;0;0;0;0;0;1;1;0;1869571551;105483974;8265750469;true;false;false;PASSED;/builds/425929790;108;/jobs/425929791
guilhermejccavalcanti/elasticsearch-sql;eb6bc06b45477676c6064350c0076e1c0d8df4a1;0;0;0;0;0;0;0;0;0;0;0;1;1;0;2094701538;124141220;10853101907;true;true;false;PASSED;/builds/425930956;103;/jobs/425930957
guilhermejccavalcanti/elasticsearch-sql;4a63db58be02ae2e44d042d39a66bb700ad6be09;0;0;0;0;0;0;0;0;0;0;0;1;1;0;4602994349;355488535;19985735586;true;false;false;PASSED;/builds/425932176;109;/jobs/425932177
guilhermejccavalcanti/jasmine-maven-plugin;e83f4367691d33a12b18864296c9b8cb7916df1c;0;0;0;0;0;0;0;0;0;0;0;1;1;0;154277112;24111251;873482511;true;false;false;EXTERNAL;/builds/425933015;63;
guilhermejccavalcanti/spring-cloud-config;7e901a1d4f951c829a6a27a0b3618218fbf3417e;0;0;0;0;0;0;0;0;0;0;0;2;2;0;1740425105;105635526;7689721798;true;false;false;EXTERNAL;/builds/425933382;36;
guilhermejccavalcanti/jOOQ;d96120f327107feb1ebb15e7c090dc38eeff72ca;0;0;0;0;0;0;0;0;0;0;0;1;1;0;6529013637;125296415;8,589E+11;true;false;false;PASSED;/builds/425939966;374;/jobs/425939967
guilhermejccavalcanti/cron-utils;c1af4d9e3cd738b2bb0e33ae5223a450d12aefe7;0;0;0;0;0;0;0;0;0;0;0;1;0;0;1158402411;53199890;3650922408;true;false;false;EXTERNAL;/builds/425942449;82;/jobs/425942450
guilhermejccavalcanti/nodebox;1d85557dc42b9f0dd6f8e1eb92bd7955af1325ff;0;0;0;0;0;0;0;0;0;0;0;1;0;0;2049941530;123103865;13961678771;true;false;false;EXTERNAL;/builds/425943248;1474;
guilhermejccavalcanti/quickml;9a0ac201b35618c31c561bc57a62c4f77fa9ca01;0;0;0;0;0;0;0;0;0;0;0;1;1;0;362747242;31294180;1554436272;true;false;false;EXTERNAL;/builds/425951195;2994;
guilhermejccavalcanti/quickml;1bb20ae483ff392bd68c4b9592b7a96440d8f805;0;0;0;0;0;0;0;0;0;0;0;1;1;0;270022062;29425765;1507227622;true;true;false;EXTERNAL;/builds/425963556;2991;
guilhermejccavalcanti/cron-utils;0a5c632471596b0ee2974914106b547220ed6ccf;0;0;0;0;0;0;0;0;0;0;0;1;0;0;1123496661;48824686;3926668174;true;false;false;EXTERNAL;/builds/425972941;50;/jobs/425972943
guilhermejccavalcanti/cloudify;b0f7fe22d42ce799053d756f667248eff13221ec;0;0;0;0;0;0;0;0;0;0;0;1;2;0;2021976227;201166268;10005342660;true;false;false;EXTERNAL;/builds/425973205;23;
guilhermejccavalcanti/goclipse;09c052e8d540bb36683508d46973e4d4bfab6f6e;0;0;0;0;0;0;0;0;0;0;0;1;2;0;144752864;25289951;1314556907;true;false;false;PASSED;/builds/425973368;181;/jobs/425973369
guilhermejccavalcanti/clocker;6003d07d05c7e0be358ffc8d74e737abf5f97241;0;0;0;0;0;0;0;0;0;0;0;1;1;0;1012812610;56926205;6535214265;true;false;false;EXTERNAL;/builds/425974068;262;
guilhermejccavalcanti/jedis;756dc8deec98cd4cae6dfa512e9371cc5a9fe4a7;0;0;0;0;0;0;0;0;0;0;0;1;1;0;154282989;20604221;803880712;true;true;false;EXTERNAL;/builds/425975038;267;/jobs/425975039
guilhermejccavalcanti/jOOQ;13c631a7d14f8ba5e91130ddaf3254995e35d495;0;0;0;0;0;0;0;0;0;0;0;1;1;0;224587184;30649003;1217465494;true;false;false;PASSED;/builds/425975627;2233;/jobs/425975630
guilhermejccavalcanti/elasticsearch-sql;48e9cde9a2545c151549e8ba8aa531f96d68c237;0;0;0;0;0;0;0;0;0;0;0;2;3;0;1813739920;185390977;10161231478;true;false;false;ERRORED;/builds/425981301;58;/jobs/425981302
https://github.com/brianfrankcooper/YCSB;300bdebdb245143de9e59cabbeac66907e314a5f;0;0;0;0;0;0;0;0;0;0;0;1;1;0;289352321;37925029;1873342404;true;false;false;NONE;null;0;
guilhermejccavalcanti/cloudify;6108c88ea17f86eae60c389cef33c85646fda5d2;0;0;0;0;0;0;0;0;0;0;0;1;3;0;713281585;64561006;5218430784;true;false;false;EXTERNAL;/builds/426356512;24;
guilhermejccavalcanti/cron-utils;2b5dd7d8b481e7159e10af22ea628451c93303bf;0;0;0;0;0;0;0;0;0;0;0;1;1;0;128560962;20488238;812958038;true;false;false;FAILED;/builds/426356666;73;/jobs/426356667
guilhermejccavalcanti/atmosphere;fc4e93c8c7171f3f2f8e24e27da358025b7f9cd4;0;0;0;0;0;0;0;0;0;0;0;1;0;0;565426551;94993815;2910394618;true;false;false;NONE;null;0;
guilhermejccavalcanti/YCSB;d6f1eae525d1de6cbb553863a44cd93b017b61bd;0;0;0;0;0;0;0;0;0;0;0;1;2;0;236726781;31708627;1325612138;true;false;false;EXTERNAL;/builds/426356928;655;
guilhermejccavalcanti/quickml;fa520cc95b37834213bc81520247af296564a01b;0;0;0;0;0;0;0;0;0;0;0;4;3;0;1630069209;128856641;9950421577;true;false;false;EXTERNAL;/builds/426358878;2997;
guilhermejccavalcanti/jackson-core;2cf1932d631fd3040acd1fb280783fecf69808f5;0;0;0;0;0;0;0;0;0;0;0;3;0;0;546720747;71068758;5566621645;false;false;false;NONE;null;0;
guilhermejccavalcanti/auto;b401ce93907679579c9a03a683be824884632d48;0;0;0;0;0;0;0;0;0;0;0;1;0;0;774564436;55789877;4489824544;false;false;false;NONE;null;0;
guilhermejccavalcanti/cloud-slang;a5cfe945cc262fbf5fe90b726da40c622353e9be;0;0;0;0;0;0;0;0;0;0;0;3;2;0;1886124702;178346917;10732838244;true;false;false;ERRORED;/builds/426369429;48;/jobs/426369430
guilhermejccavalcanti/jackson-core;d0172cddcec336b5cc8a55817c1f16cf726a9755;0;0;0;0;0;0;0;0;0;0;0;2;0;0;7941964067;294948289;28612203744;true;false;false;PASSED;/builds/415751312;172;/jobs/415751315
guilhermejccavalcanti/quickml;5a49e9d633e1f91a17b4c893f937ad66e452a4c7;0;0;0;0;0;0;0;0;0;0;0;1;1;0;695226835;84024259;4222736708;true;false;false;FAILED;/builds/426370083;74;/jobs/426370085
guilhermejccavalcanti/jedis;3824459c4d3f76abf16d5ee23b7d1376b5e80fa9;0;0;0;0;0;0;0;0;0;0;0;1;1;0;1787983253;86381043;11564430950;true;false;false;EXTERNAL;/builds/426370484;321;/jobs/426370485
guilhermejccavalcanti/blueprints;665dbf494a00c846ec307f396a8612cac2c8a1c6;0;0;0;0;0;0;0;0;0;0;0;3;4;0;781709014;57884691;3586619968;true;false;false;ERRORED;/builds/426370933;121;/jobs/426370935
guilhermejccavalcanti/auto;068717fc50a415f649b6f352f669c545fc46edad;0;0;0;0;0;0;0;0;0;0;0;1;0;0;755769556;54719736;4402221500;true;false;false;EXTERNAL;/builds/426371251;214;/jobs/426371254
guilhermejccavalcanti/vectorz;f96d48f97c79f90cf800b5841b3d24f4292d5a34;0;0;0;0;0;0;0;0;0;0;0;14;12;0;846255174;56048133;4693300891;true;false;false;PASSED;/builds/426371957;117;/jobs/426371959
guilhermejccavalcanti/quickml;59ccdf410fbe2954a346f7f844f84838d7af1a78;0;0;0;0;0;0;0;0;0;0;0;4;8;0;1240159889;157572279;7167981403;true;false;false;EXTERNAL;/builds/426372858;2997;
guilhermejccavalcanti/YCSB;56ebd56d860aa983bf253aa0325ab2014a3ebc31;0;0;0;0;0;0;0;0;0;0;0;1;1;0;270178871;38669797;1391096062;true;true;false;EXTERNAL;/builds/426383752;836;
guilhermejccavalcanti/openpnp;d278e4af5d1c3951596387f7123bcc745470c082;0;0;0;0;0;0;0;0;0;0;0;1;1;0;293208228;33024652;1755215310;true;true;false;EXTERNAL;/builds/426386926;465;
guilhermejccavalcanti/auto;9d9d45cd7d4b4f1bb888ea1e1340c2357dee223c;0;0;0;0;0;0;0;0;0;0;0;1;0;0;845979598;57592723;4598596570;true;false;false;PASSED;/builds/415752513;979;/jobs/415752515
guilhermejccavalcanti/cron-utils;bcf4e0c11d739b5dc52f6376197b78af3529bdd9;0;0;0;0;0;0;0;0;0;0;0;1;2;0;250611697;28177474;1140361268;true;false;false;FAILED;/builds/426388914;65;/jobs/426388915
guilhermejccavalcanti/vectorz;e1fd48e86462089ff00266aa866ee93a84b46c34;0;0;0;0;0;0;0;0;0;0;0;2;2;0;1017443596;98016497;4563313797;true;false;false;PASSED;/builds/426389210;130;/jobs/426389211
guilhermejccavalcanti/cloud-slang;87c7f4deb1d7163a87d14b80914c7edde25e0fcb;0;0;0;0;0;0;0;0;0;0;0;1;2;0;272907111;29643813;1632198665;true;false;false;PASSED;/builds/426389521;112;/jobs/426389522
guilhermejccavalcanti/swagger-core;7069646f272156e9355b714876259be80999a005;0;0;0;0;0;0;0;0;0;0;0;1;0;0;491021183;44073078;2829055607;true;false;false;EXTERNAL;/builds/426389958;18;
guilhermejccavalcanti/jackson-core;2e1f1934047e45be4acbf807630fee05fb21feb8;0;0;0;0;0;0;0;0;0;0;0;1;1;0;6134374050;142547015;16960494195;true;false;false;PASSED;/builds/426390135;386;/jobs/426390138
guilhermejccavalcanti/quickml;a052dc33e457adf61eccde5740ac8684b9a3b391;0;0;0;0;0;0;0;0;0;0;0;1;1;0;533678954;40880595;2551734942;true;true;false;EXTERNAL;/builds/426391325;2996;
guilhermejccavalcanti/jackson-core;50a14508e015b95b061c0b24e55fa27d09426190;0;0;0;0;0;0;0;0;0;0;0;1;1;0;1252742699;55342645;3097973507;true;false;false;PASSED;/builds/426403379;152;/jobs/426403382
guilhermejccavalcanti/jedis;6f8d46ae4fa8360586257a1d3e4babec0f45ec75;0;0;0;0;0;0;0;0;0;0;0;3;6;0;5525950438;369866149;46827677416;true;false;false;EXTERNAL;/builds/426404060;317;/jobs/426404061
guilhermejccavalcanti/jackson-databind;d92567f6ddcdeea3bce94b491516c5636f9dab92;0;0;0;0;0;0;0;0;0;0;0;1;2;0;1739984369;78333650;24429526778;true;false;false;EXTERNAL;/builds/426404772;38;
guilhermejccavalcanti/blueprints;ad30dbd3d0238a557b06745e6ad789cf9aca628f;0;0;0;0;0;0;0;0;0;0;0;5;6;0;1058506981;149818400;6542537303;true;false;false;ERRORED;/builds/426405238;88;/jobs/426405240
guilhermejccavalcanti/jedis;5939d5bfdf30b361083692b8707819b880048663;0;0;0;0;0;0;0;0;0;0;0;1;2;0;1383533016;58948955;8794345329;true;false;false;EXTERNAL;/builds/426405646;341;/jobs/426405647
guilhermejccavalcanti/HikariCP;b7c32b2bb28ad25dae8046af5f115cc28fbc31b6;0;0;0;0;0;0;0;0;0;0;0;1;12;0;986684795;98008456;7886360691;true;false;false;FAILED;/builds/426406351;207;/jobs/426406352
guilhermejccavalcanti/blueprints;e3596bbebaa5c8ae916f70a2190a65562d69cf40;0;0;0;0;0;0;0;0;0;0;0;1;1;0;200620062;24021865;1096806559;true;true;false;EXTERNAL;/builds/426407534;149;
guilhermejccavalcanti/blueprints;fd3a4a635b78a6094e3648252b4dd8f3d22697d4;0;0;0;0;0;0;0;0;0;0;0;5;5;0;360709026;32750004;1739114957;true;false;false;EXTERNAL;/builds/426408255;183;
guilhermejccavalcanti/xtreemfs;432c7e4273cbc3e86b24204f4fa9a8a80ac69764;0;0;0;0;0;0;0;0;0;0;0;1;0;0;807611358;81822121;5436300210;true;false;false;EXTERNAL;/builds/426408988;2560;/jobs/426408989
guilhermejccavalcanti/jmeter-plugins;b8d5a61050f58860236ddd6fbb3aa88cc4c81168;0;0;0;0;0;0;0;0;0;0;0;2;4;0;1066946244;101867148;6477145857;true;false;false;EXTERNAL;/builds/426412370;66;
guilhermejccavalcanti/querydsl;a2a87229d354f3404023c0aac71b340d78c2387a;0;0;0;0;0;0;0;0;0;0;0;1;1;0;5102882233;217627870;49823019521;true;false;false;EXTERNAL;/builds/426412994;29;
guilhermejccavalcanti/YCSB;9993549002f0c124508ecd817dff8de7493dd73b;0;0;0;0;0;0;0;0;0;0;0;3;3;0;283704083;31774505;1795079890;true;false;false;FAILED;/builds/426413318;444;/jobs/426413320
guilhermejccavalcanti/vraptor;5b76b4c289657aead7a8b931ef333cf20a50a678;0;0;0;0;0;0;0;0;0;0;0;1;4;0;638725592;65242369;3637954844;true;false;false;EXTERNAL;/builds/426415138;63;
guilhermejccavalcanti/quickml;1a41b2a7239f6a47cfa5e1e7490ee90fc8a5be4e;0;0;0;0;0;0;0;0;0;0;0;1;2;0;1179603250;100770100;7893975388;true;false;false;ERRORED;/builds/426415712;71;/jobs/426415713
guilhermejccavalcanti/score;2c0a1364e0de7f1151dd6f0d8f00086ccfde6d48;0;0;0;0;0;0;0;0;0;0;0;4;5;0;1176054776;125612197;6772597357;true;false;false;PASSED;/builds/426416333;142;/jobs/426416334
guilhermejccavalcanti/jackson-core;3646d6de846b26877f798336a684664cfb9a8a70;0;0;0;0;0;0;0;0;0;0;0;1;1;0;523282510;69066111;4457940240;true;false;false;EXTERNAL;/builds/426417163;1265;
guilhermejccavalcanti/openpnp;5545b4adb9f3bacc0bfad18968b59ac5b56f4059;0;0;0;0;0;0;0;0;0;0;0;1;1;0;737631297;50135453;4769464877;true;true;false;EXTERNAL;/builds/426422473;465;
guilhermejccavalcanti/jackson-databind;c7bbbe662f4ed44fa490d091b9a26e9706b5cfb9;0;0;0;0;0;0;0;0;0;0;0;1;2;0;697834141;49594507;3114087468;true;false;false;EXTERNAL;/builds/426424731;62;
guilhermejccavalcanti/CorfuDB;4870aba4b0dba7bdf20e47bf6b0e01e8374306cc;0;0;0;0;0;0;0;0;0;0;0;1;0;0;771594641;79735039;5086343928;true;false;false;EXTERNAL;/builds/426425125;50;
guilhermejccavalcanti/metrics;f7ae0c27b847bbf0e1ccd0e8ab856e22f09096b9;0;0;0;0;0;0;0;0;0;0;0;3;2;0;466671471;58331613;2644110625;true;false;false;PASSED;/builds/426425498;387;/jobs/426425500
guilhermejccavalcanti/mvvmFX;d8e813c8312fa6bf152a8d4792275aeabb574bc4;0;0;0;0;0;0;0;0;0;0;0;1;1;0;309324356;66183537;2030570753;true;false;false;PASSED;/builds/426427342;175;/jobs/426427344
guilhermejccavalcanti/dynjs;ee2219fc8b7178f9df605277b89200011093a534;0;0;0;0;0;0;0;0;0;0;0;1;0;0;2968335291;132917298;70710906245;true;false;false;EXTERNAL;/builds/426428871;1567;
guilhermejccavalcanti/jedis;fc594db9a3d0027604e44b9ac979d1f35cc61800;0;0;0;0;0;0;0;0;0;0;0;12;10;0;817895220;70481417;4439424338;true;false;false;EXTERNAL;/builds/426432444;352;/jobs/426432445
guilhermejccavalcanti/HikariCP;fc1aea96096a4c270b4c1da000e6c2f047500bde;0;0;0;0;0;0;0;0;0;0;0;2;2;0;2024345383;197019938;16213212150;false;false;false;NONE;null;0;
guilhermejccavalcanti/twilio-java;3618ebc2df694dc9f5678e0d8af69bb0329d3341;0;0;0;0;0;0;0;0;0;0;0;1;1;0;197827182;28042933;1374036294;true;true;false;PASSED;/builds/426433445;183;/jobs/426433446
guilhermejccavalcanti/redline-smalltalk;1130f6577957874e62749c9c1fb06de15a29846f;0;0;0;0;0;0;0;0;0;0;0;2;1;0;619398736;65479286;4385410092;true;false;false;NONE;null;0;
guilhermejccavalcanti/openpnp;cff5ad05daa765db54eeaaaf68c2ce12528c8d80;0;0;0;0;0;0;0;0;0;0;0;3;3;0;317247105;32064310;1802490148;true;true;false;EXTERNAL;/builds/426434391;126;
guilhermejccavalcanti/blueprints;2c223fe3b8af8672837e7bcf239ae588a891957c;0;0;0;0;0;0;0;0;0;0;0;1;8;0;364986804;32617937;1584712273;true;false;false;EXTERNAL;/builds/426435005;125;
guilhermejccavalcanti/pac4j;ea4d453ea95bfd5a485e2b52ff3789fbae5e6b9c;0;0;0;0;0;0;0;0;0;0;0;1;0;0;712992091;85255539;4466519609;true;false;false;PASSED;/builds/426435477;1027;/jobs/426435478
guilhermejccavalcanti/CorfuDB;c18f2955cf32966675b363096e39f18027c51a4f;0;0;0;0;0;0;0;0;0;0;0;1;1;0;798147729;119840864;3733682913;true;false;false;EXTERNAL;/builds/426439796;44;
guilhermejccavalcanti/riak-java-client;06fc2b5956289cf17cfc9fb4eb7b7db27969f4cd;0;0;0;0;0;0;0;0;0;0;0;3;8;0;7867910670;963000057;45413092085;true;false;false;ERRORED;/builds/426440315;79;/jobs/426440316
guilhermejccavalcanti/logback;85c7fea84ce78e7d8ea4df46237cdc4c206f2dd6;0;0;0;0;0;0;0;0;0;0;0;1;1;0;229271986;32642681;1012622398;false;false;false;NONE;null;0;
guilhermejccavalcanti/logback;bb6c0ea51dde43a9ad58d15f1b461dc30b3b092f;0;0;0;0;0;0;0;0;0;0;0;1;1;0;399926884;42601480;3143036618;false;false;false;NONE;null;0;
guilhermejccavalcanti/blueprints;942a32e5ca94d008c3ca01910e8d09402eb8ed6e;0;0;0;0;0;0;0;0;0;0;0;5;5;0;1544186123;58999679;5111577897;false;true;false;NONE;null;0;
guilhermejccavalcanti/vraptor;7e380d49cc8d850602e2c03105f35a2f8265890b;0;0;0;0;0;0;0;0;0;0;0;1;1;0;1866611345;214597456;9284256473;true;true;false;EXTERNAL;/builds/426443269;71;
guilhermejccavalcanti/jackson-databind;4643caa09ab282b18b9dcd95c649ba933a24de9a;0;0;0;0;0;0;0;0;0;0;0;1;0;0;1488046749;105969559;6523757269;true;false;false;EXTERNAL;/builds/426443908;66;
guilhermejccavalcanti/pac4j;381beed5ec2bd401fe71e89299ff1d17e83915d0;0;0;0;0;0;0;0;0;0;0;0;1;2;0;437311585;72060338;2454621567;true;false;false;PASSED;/builds/426444131;1043;/jobs/426444132
guilhermejccavalcanti/swagger-core;f957f5cdaf5037d09bba4f2b6819dc61ee658b9b;0;0;0;0;0;0;0;0;0;0;0;2;4;0;1617498154;93506444;7473006021;true;false;false;EXTERNAL;/builds/426448288;25;
guilhermejccavalcanti/mamute;d60fd8fdb9f4fcabf2742149b44d8343414517c7;0;0;0;0;0;0;0;0;0;0;0;1;2;0;536437812;64868440;4528348975;true;false;false;EXTERNAL;/builds/426448556;24;/jobs/426448557
guilhermejccavalcanti/javaparser;8125a4b1b97f07586693d15fce865f316d294cab;0;0;0;0;0;0;0;0;0;0;0;2;2;0;1543526100;59880843;2,48586E+11;true;true;false;PASSED;/builds/426449661;114;/jobs/426449662
guilhermejccavalcanti/openpnp;dda2d894dc4fbba4d198c48435e7483ef1cc8371;0;0;0;0;0;0;0;0;0;0;0;1;2;0;289909351;36045170;1840871070;true;false;false;EXTERNAL;/builds/426450447;98;
guilhermejccavalcanti/swagger-core;95a199a99777c598eba98480703fa1cfbb165106;0;0;0;0;0;0;0;0;0;0;0;1;0;0;1326669288;53724444;5802743456;true;false;false;EXTERNAL;/builds/426450895;37;
guilhermejccavalcanti/riak-java-client;2123d3db69876adfa56c39ba09681f2ea8c3dc9a;0;0;0;0;0;0;0;0;0;0;0;2;2;0;950123111;128636120;6008500501;true;false;false;EXTERNAL;/builds/426451116;55;
guilhermejccavalcanti/retrofit;d77d4c40f7a03b5fe9abca9f297ef49e43f13481;0;0;0;0;0;0;0;0;0;0;0;1;1;0;1779012013;133207102;8462305236;true;false;false;EXTERNAL;/builds/426451496;69;
guilhermejccavalcanti/jedis;809a5355502c686de60c67e4db0632c7d934146c;0;0;0;0;0;0;0;0;0;0;0;2;4;0;2467983474;167407982;19116046815;true;false;false;EXTERNAL;/builds/426451780;430;/jobs/426451781
guilhermejccavalcanti/cloud-slang;3ff70bab2914b032381c7c4a400b9e234bad5726;0;0;0;0;0;0;0;0;0;0;0;3;5;0;1301932964;165306360;7599206488;true;false;false;ERRORED;/builds/426452407;40;/jobs/426452408
guilhermejccavalcanti/jedis;157a8ceb4ee3985639a6a1fa93730d582fd1be0b;0;0;0;0;0;0;0;0;0;0;0;1;2;0;13202617762;636735316;1,34313E+11;true;false;false;EXTERNAL;/builds/426453360;452;/jobs/426453361
guilhermejccavalcanti/hive;748c1bd2fa2942459e88e26e9820ebe3b3dd1fb5;0;0;0;0;0;0;0;0;0;0;0;0;2;0;4705752870;81683869;14308382879;true;false;false;NONE;null;0;
guilhermejccavalcanti/atmosphere;48a0c5212a94377f0cf1053df1450b74dd77f28e;0;0;0;0;0;0;0;0;0;0;0;2;2;0;470557379;41984139;3784733861;true;true;false;PASSED;/builds/426454472;201;/jobs/426454474
guilhermejccavalcanti/metrics;50a2e0c1b150e6ce2b609a6faff06082cf0ae472;0;0;0;0;0;0;0;0;0;0;0;2;3;0;1108082003;88582253;5171648334;true;false;false;EXTERNAL;/builds/426455593;143;/jobs/426455594
guilhermejccavalcanti/atmosphere;1d25c6983c4a13a13a2d1f5bbe5fc8d236a90bf3;0;0;0;0;0;0;0;0;0;0;0;2;2;0;3632421971;201504940;28183443693;true;false;false;PASSED;/builds/426456365;223;/jobs/426456366
guilhermejccavalcanti/cloud-slang;c716a9231fbf48779f927ac77906f81a90a34352;0;0;0;0;0;0;0;0;0;0;0;1;1;0;520522414;41960942;3700705272;true;true;false;PASSED;/builds/426457467;841;/jobs/426457468
guilhermejccavalcanti/che;98fef8d23219aabc5d877ea0377bad1b835399a4;0;0;0;0;0;0;0;0;0;0;0;1;0;0;560717316;55981945;3096709752;true;false;false;NONE;null;0;
guilhermejccavalcanti/jedis;d58495127d3ac0c3ff8075815d52fedff0c90083;0;0;0;0;0;0;0;0;0;0;0;9;7;0;3585927468;470876565;26983636133;true;false;false;EXTERNAL;/builds/426459184;363;/jobs/426459185
guilhermejccavalcanti/YCSB;cd5e9d6f5e4d16b4fe6a115f87adf333bcd3f35b;0;0;0;0;0;0;0;0;0;0;0;1;2;0;839934233;67767097;11707505921;true;false;false;ERRORED;/builds/426459811;117;/jobs/426459812
guilhermejccavalcanti/goclipse;05a7938a46f7100eaf852b14040dd504db506458;0;0;0;0;0;0;0;0;0;0;0;1;1;0;162207595;27621372;1399211808;true;false;false;FAILED;/builds/426460609;191;/jobs/426460610
guilhermejccavalcanti/goclipse;7c535d544ecc1f4c9d5f3ddb0241e52b283e896c;0;0;0;0;0;0;0;0;0;0;0;1;1;0;565252112;46576463;3165136253;true;false;false;EXTERNAL;/builds/426461284;220;/jobs/426461285
guilhermejccavalcanti/pac4j;69ebd94922ebfe826083e118e60e35eb7857c0b5;0;0;0;0;0;0;0;0;0;0;0;4;4;0;1055013870;101859107;5029700103;true;false;false;EXTERNAL;/builds/426462044;37;
guilhermejccavalcanti/jedis;4c296238cee4abcb691bb4f10f61fc47eff1ea13;0;0;0;0;0;0;0;0;0;0;0;1;1;0;209636459;23755259;1081972126;true;false;false;EXTERNAL;/builds/426462259;547;/jobs/426462260
guilhermejccavalcanti/hive;1fb04f36619483cc5a64e5963ddb8a097a68c9ba;0;0;0;0;0;0;0;0;0;0;0;2;2;0;684874928;53607223;3930002310;true;false;false;EXTERNAL;/builds/426463110;951;
guilhermejccavalcanti/jna;89bf40bdc15cbc126fe2493c5ae64c02bd29ab0a;0;0;0;0;0;0;0;0;0;0;0;1;0;0;1291374143;127946403;6161117968;true;false;false;EXTERNAL;/builds/426466284;360;/jobs/426466286
guilhermejccavalcanti/pac4j;e3bde9f1f3dd1b9b680a041f74acb78d2e5dec4b;0;0;0;0;0;0;0;0;0;0;0;7;18;0;4851986301;666360886;27916135950;true;false;false;EXTERNAL;/builds/426467257;169;/jobs/426467258
guilhermejccavalcanti/acs-aem-commons;e7ceed057edbc39795445c4e183e1bce2a0ad86e;0;0;0;0;0;0;0;0;0;0;0;1;2;0;175392898;31966884;1113651062;true;false;false;PASSED;/builds/426467891;1658;/jobs/426467892
guilhermejccavalcanti/wicket-bootstrap;a70bf78a4470de0a5c65ec40861db7ecf5bd8430;0;0;0;0;0;0;0;0;0;0;0;3;3;0;938727665;83591564;5632074640;true;false;false;EXTERNAL;/builds/426472480;19;
guilhermejccavalcanti/pac4j;16bec7990788bd5303a5b25515f3a1e74642e32e;0;0;0;0;0;0;0;0;0;0;0;6;8;0;1464394484;194699651;7729490808;true;false;false;EXTERNAL;/builds/426472618;223;/jobs/426472619
guilhermejccavalcanti/goclipse;1cd922e74271955dbe92c95d5e0e7d005366728a;0;0;0;0;0;0;0;0;0;0;0;1;1;0;151422374;26399989;1399458001;true;false;false;EXTERNAL;/builds/426473215;187;/jobs/426473216
guilhermejccavalcanti/openpnp;743903d7f44a27b741d8cde8f64b9c08715d8138;0;0;0;0;0;0;0;0;0;0;0;22;27;1;3467904298;154832906;37125979326;true;false;false;NONE;null;0;
guilhermejccavalcanti/swagger-core;24c41c68c23bbfeef9172a8e239619bea10cfadd;0;0;0;0;0;0;0;0;0;0;0;1;1;0;788947926;93660162;4047823208;true;false;false;EXTERNAL;/builds/426473925;25;
guilhermejccavalcanti/Openfire;bd1124046295f8af0b74ee6bdca270aec0f2fa07;0;0;0;0;0;0;0;0;0;0;0;1;0;0;880729465;56974453;4286080352;true;false;false;FAILED;/builds/426474106;75;/jobs/426474107
guilhermejccavalcanti/openpnp;e17eb688c5d519bd7452e8abff1859553edabe7a;0;0;0;0;0;0;0;0;0;0;0;1;1;0;239327903;40073970;1649011621;true;true;false;EXTERNAL;/builds/426474353;18;/jobs/426474354
guilhermejccavalcanti/wicket-bootstrap;29e1dd670d4c3c91add64bca9229f7026aefb3b9;0;0;0;0;0;0;0;0;0;0;0;3;3;0;803488843;78819543;5100671435;true;true;false;EXTERNAL;/builds/426474520;24;
guilhermejccavalcanti/goclipse;5760fac3b6dfbf75b104a3ad3b901edb4db76eae;0;0;0;0;0;0;0;0;0;0;0;1;1;0;161289624;26474528;966938852;true;true;false;PASSED;/builds/426474633;192;/jobs/426474634
guilhermejccavalcanti/jna;2510e64b7cdba49fdeb9e9076d23409c7b387550;0;0;0;0;0;0;0;0;0;0;0;45;57;0;636815424;132611411;10392237030;false;false;false;NONE;null;0;
guilhermejccavalcanti/querydsl;5502ea7e958126c7e4387727dfcd1ba338340c8e;0;0;0;0;0;0;0;0;0;0;0;1;0;0;966992668;77439185;5009418161;true;false;false;ERRORED;/builds/426475502;264;/jobs/426475504
guilhermejccavalcanti/riak-java-client;44af471f5a2498c96ac82a5bcdbc9d7e45b48e73;0;0;0;0;0;0;0;0;0;0;0;1;5;0;743097054;47267724;3933604601;true;false;false;FAILED;/builds/426476430;166;/jobs/426476431
guilhermejccavalcanti/vraptor4;c0f0cbdff8417a5121102f0fa13fbc0f9fd7d7b1;0;0;0;0;0;0;0;0;0;0;0;1;2;0;94556790;22426862;742126814;true;false;false;PASSED;/builds/426476946;54;/jobs/426476947
guilhermejccavalcanti/querydsl;9ccfa74d6806bb8a3fcf84d491fb21859db4f80f;0;0;0;0;0;0;0;0;0;0;0;2;0;0;2405300164;183094196;22728021066;true;false;false;ERRORED;/builds/415801075;195;/jobs/415801077
guilhermejccavalcanti/pac4j;fee66ff73c1230e7e83cd8a3c511e8b145c70198;0;0;0;0;0;0;0;0;0;0;0;1;1;0;333233330;35499893;1933126439;true;true;false;FAILED;/builds/426477408;223;/jobs/426477409
guilhermejccavalcanti/goclipse;2746c377ffaf32883839e540f7f282801aaff5a6;0;0;0;0;0;0;0;0;0;0;0;1;0;0;94902266;20414008;753961142;true;false;false;PASSED;/builds/426478448;205;/jobs/426478449
guilhermejccavalcanti/goclipse;65fd9d325201deea8815735255b5dd5b94c3033e;0;0;0;0;0;0;0;0;0;0;0;1;1;0;95274341;22471090;771747740;true;false;false;PASSED;/builds/426478962;177;/jobs/426478963
guilhermejccavalcanti/vraptor4;f95440e006b9f7df0380ab967c9573d98c36d2f1;0;0;0;0;0;0;0;0;0;0;0;1;2;0;392025784;65565577;2646066569;true;false;false;PASSED;/builds/426479406;45;/jobs/426479407
guilhermejccavalcanti/jackson-databind;441f20c1d644b4a62e730a8514488dfb2d32901c;0;0;0;0;0;0;0;0;0;0;0;3;1;0;1424544131;100586381;5837123723;true;false;false;EXTERNAL;/builds/426479552;57;
guilhermejccavalcanti/wicket-bootstrap;c9dab04293d5518fd9a4ee40d495a2139a3de7c9;0;0;0;0;0;0;0;0;0;0;0;1;1;0;182426750;26004409;1186420600;true;true;false;EXTERNAL;/builds/426479790;25;
guilhermejccavalcanti/cloud-slang;d0063cf0d5db18b9e1b46e4b8420d87069867a36;0;0;0;0;0;0;0;0;0;0;0;1;0;0;397622371;54259204;2275660402;true;false;false;PASSED;/builds/426480029;822;/jobs/426480030
guilhermejccavalcanti/okhttp;9dfeda588a5ec1741e9f6b84602fe5d890f33a87;0;0;0;0;0;0;0;0;0;0;0;1;0;0;798525680;74301138;3699943494;true;false;false;EXTERNAL;/builds/426481320;20;
guilhermejccavalcanti/wicket-bootstrap;fe24761d43de16ce3d2acebc7fabb7108479b498;0;0;0;0;0;0;0;0;0;0;0;1;1;0;1625601528;139747329;10889392033;true;false;false;EXTERNAL;/builds/426481613;26;
guilhermejccavalcanti/querydsl;ea0d49bfc1309e00d5a9e1e3f74e7dbcc255e810;0;0;0;0;0;0;0;0;0;0;0;1;0;0;254058105;35522162;1898340385;true;false;false;ERRORED;/builds/426481718;270;/jobs/426481720
guilhermejccavalcanti/jackson-databind;7ed2d00e881588d434222ca9d94c2af233dbad9f;0;0;0;0;0;0;0;0;0;0;0;1;1;0;228585055;29813922;1356083608;true;true;false;EXTERNAL;/builds/426482614;78;
guilhermejccavalcanti/android-maven-plugin;23a1d7717639dae61ba54c7b7dc454acd4be25d0;0;0;0;0;0;0;0;0;0;0;0;5;4;0;1844831826;115731959;8591193427;true;false;false;EXTERNAL;/builds/426482818;33;
guilhermejccavalcanti/jackson-databind;a49ab9a91945a6596d01b0de3a7276bffa01e751;0;0;0;0;0;0;0;0;0;0;0;1;1;0;491051493;44361644;2311803926;true;true;false;EXTERNAL;/builds/426483062;69;
guilhermejccavalcanti/wicket-bootstrap;4819ae72da43bdf390d6cbe17039b078d29b74f6;0;0;0;0;0;0;0;0;0;0;0;1;1;0;163693419;25750792;1014603084;true;false;false;EXTERNAL;/builds/426483229;25;
guilhermejccavalcanti/swagger-core;b576834535b8057e3ef382386c2cfe57e35579cd;0;0;0;0;0;0;0;0;0;0;0;1;0;0;1323871767;54718499;5553618512;true;false;false;EXTERNAL;/builds/426483399;25;
guilhermejccavalcanti/android-maven-plugin;5896c1e232e8e9b56f9588e0452bad9a49c370b3;0;0;0;0;0;0;0;0;0;0;0;1;2;0;2060530041;189069972;13428665718;true;false;false;EXTERNAL;/builds/426483585;31;
guilhermejccavalcanti/openpnp;0713b6c46487e92a89d68780a39282cce8446abd;0;0;0;0;0;0;0;0;0;0;0;2;2;0;1190574663;125287446;11755185309;false;false;false;NONE;null;0;
guilhermejccavalcanti/wicket-bootstrap;e452034c3b06b6e66c78fbb2c19a74fc77aec535;0;0;0;0;0;0;0;0;0;0;0;2;2;0;858250642;79239247;4846047642;true;false;false;EXTERNAL;/builds/426484072;24;
guilhermejccavalcanti/jackson-databind;ff4b9a2635cd6ecc5d6b32fa5a475eb18c854947;0;0;0;0;0;0;0;0;0;0;0;1;1;0;725026221;75598297;5099924503;true;false;false;EXTERNAL;/builds/426484211;845;
guilhermejccavalcanti/openpnp;b62c0ce8269e73c38ef5215d02d264586a1ab399;0;0;0;0;0;0;0;0;0;0;0;2;2;0;1102320874;119811791;6665461779;true;false;false;EXTERNAL;/builds/426486763;16;/jobs/426486764
guilhermejccavalcanti/wicket-bootstrap;54904895e6ba424aa437c446c7d6b41a1deee7a3;0;0;0;0;0;0;0;0;0;0;0;1;0;0;174563384;22931003;1099996567;true;false;true;EXTERNAL;/builds/415810310;28;
guilhermejccavalcanti/wicket-bootstrap;e86d60ff92d52eb97b19bff5bb6fc2101771a450;0;0;0;0;0;0;0;0;0;0;0;1;0;0;888487055;121019565;5789911979;true;false;false;EXTERNAL;/builds/426487109;38;
guilhermejccavalcanti/swagger-core;0e068a0a20a198acd71e0158f32f4020e746c6b7;0;0;0;0;0;0;0;0;0;0;0;1;1;0;607234396;38139675;3438502347;true;false;false;EXTERNAL;/builds/426487310;29;
guilhermejccavalcanti/swagger-core;7bec1100e2e59c87b0dfd3c6a1db9d135ad6a814;0;0;0;0;0;0;0;0;0;0;0;2;2;0;746995643;53554644;4517108481;true;true;false;EXTERNAL;/builds/426487542;26;
guilhermejccavalcanti/swagger-core;c340be90e8fc7f7e9b7575adb1c2eaa8dccbf7cc;0;0;0;0;0;0;0;0;0;0;0;1;1;0;220098781;26114206;1294952619;true;true;false;EXTERNAL;/builds/426487741;28;
guilhermejccavalcanti/jackson-databind;32cbde7f1057d602cab4e5a828a1c253560836ed;0;0;0;0;0;0;0;0;0;0;0;1;0;0;392913135;44197411;2450617512;false;false;false;NONE;null;0;
guilhermejccavalcanti/jackson-databind;c96e3a93a161886795ea5a6b319e706666ab3a16;0;0;0;0;0;0;0;0;0;0;0;1;1;0;3267515273;172477228;23900606547;true;false;false;EXTERNAL;/builds/426487946;844;
guilhermejccavalcanti/sonarqube;59de2c0352b71a93c8d1191efdaa9e672e8c7b5f;0;0;0;0;0;0;0;0;0;0;0;2;2;0;213180602;30333218;1215370679;true;false;false;EXTERNAL;/builds/426490379;73;/jobs/426490380
guilhermejccavalcanti/swagger-core;aa2acce643ca585788068c1f169a5b1c3c31ddec;0;0;0;0;0;0;0;0;0;0;0;1;0;0;2170203336;95266300;8810031544;true;false;false;EXTERNAL;/builds/426490535;36;
guilhermejccavalcanti/jackson-databind;6d3d7bf1d3db0c440dfe41a062200c7144622aa1;0;0;0;0;0;0;0;0;0;0;0;1;1;0;1125124450;60983768;6587394428;true;true;false;EXTERNAL;/builds/426490683;90;
guilhermejccavalcanti/jackson-databind;07569c70cd950823a1af67e545507f34828c8b99;0;0;0;0;0;0;0;0;0;0;0;1;1;0;869964039;51476531;3861831901;true;false;false;PASSED;/builds/426490982;148;/jobs/426490984
guilhermejccavalcanti/acs-aem-commons;5075afd949a02d9d680087a4dcff6b5c1d5b9c15;0;0;0;0;0;0;0;0;0;0;0;1;1;0;415747022;41001837;2913317401;true;false;false;FAILED;/builds/426491306;2556;/jobs/426491307
guilhermejccavalcanti/jackson-databind;e9ade49a0ef50c24c3fe7df76670ea33d398e5fd;0;0;0;0;0;0;0;0;0;0;0;2;2;0;2539130482;173859442;11011147088;true;false;false;EXTERNAL;/builds/426499282;856;
guilhermejccavalcanti/jackson-databind;563d34d21e1c9cd02067f02bb02800af6b1d8ec2;0;0;0;0;0;0;0;0;0;0;0;1;1;0;1858666327;72596027;6727719818;true;false;false;EXTERNAL;/builds/426501748;86;
guilhermejccavalcanti/querydsl;0aaee844b07066db4c8a9c433cde863db3be183e;0;0;0;0;0;0;0;0;0;0;0;1;0;0;5860119677;360613767;31397675261;true;false;false;EXTERNAL;/builds/426502170;73;
guilhermejccavalcanti/acs-aem-commons;03e88b7fa53da1d9ce0910922bf50f8a0beccbf3;0;0;0;0;0;0;0;0;0;0;0;1;2;0;1605566709;104518682;8570332495;true;false;false;FAILED;/builds/426502678;288;/jobs/426502679
guilhermejccavalcanti/jackson-databind;0fc4a7c055e7b061fbcfb3a0647cff1ac2d55d9a;0;0;0;0;0;0;0;0;0;0;0;1;1;0;1932650444;74277014;6815198837;true;false;false;EXTERNAL;/builds/426503779;874;
guilhermejccavalcanti/Vanilla;4d9620c718fce0af8b5ee86214fa974733766c52;0;0;0;0;0;0;0;0;0;0;0;1;2;0;518521932;42544880;3257220276;true;false;false;EXTERNAL;/builds/426505902;23;
guilhermejccavalcanti/jackson-databind;3edb591e8809940b33a211a2439a6394ea7d30c8;0;0;0;0;0;0;0;0;0;0;0;1;0;0;2835176438;205312596;24719331588;true;false;false;PASSED;/builds/426506052;156;/jobs/426506054
guilhermejccavalcanti/sonarqube;2d898468dc31c97922f1757a308bb891bece4140;0;0;0;0;0;0;0;0;0;0;0;5;8;0;6956174354;649356480;36393237273;true;false;false;EXTERNAL;/builds/426506996;80;/jobs/426506997
guilhermejccavalcanti/jackson-databind;ed3f4a90600b4cf9580ad3c5be9a92ec059642bc;0;0;0;0;0;0;0;0;0;0;0;1;1;0;2266703698;110371051;12546416406;false;false;false;NONE;null;0;
guilhermejccavalcanti/swagger-core;2c9d39ebe9735e16cc0d9a22f0a50d42c7ed0aa7;0;0;0;0;0;0;0;0;0;0;0;1;2;0;1258432999;92973231;7322046343;true;false;false;EXTERNAL;/builds/426507373;23;
guilhermejccavalcanti/jackson-databind;a4d6fd1e7f66f83dbdaddab94e14bac6864061b7;0;0;0;0;0;0;0;0;0;0;0;1;1;0;640233996;49766162;3304630275;true;true;false;ERRORED;/builds/426507601;157;/jobs/426507603
guilhermejccavalcanti/swagger-core;690429dd5b99b6ec522ae23dc12b1be5ed793230;0;0;0;0;0;0;0;0;0;0;0;10;10;0;3888708503;407873139;20078372311;true;true;false;EXTERNAL;/builds/426508413;20;
guilhermejccavalcanti/jackson-databind;bdd03cf626e1ccb87e93be5b383fe68e884bcc39;0;0;0;0;0;0;0;0;0;0;0;1;1;0;233212638;34121392;1253135186;true;false;false;ERRORED;/builds/426508467;1269;/jobs/426508469
guilhermejccavalcanti/cloud-slang;6c7a3b52ea7be9187d2b230aaf5b91cd6b0eed4a;0;0;0;0;0;0;0;0;0;0;0;1;3;0;1370244718;98026087;8104960656;true;false;false;EXTERNAL;/builds/426512251;853;
guilhermejccavalcanti/jackson-databind;0bdc42c95f3ea5e244fc395e5311aabcc843a50b;0;0;0;0;0;0;0;0;0;0;0;2;2;0;1192456068;57044353;8195816803;true;false;false;ERRORED;/builds/426513700;1269;/jobs/426513702
guilhermejccavalcanti/Essentials;182914e40227bcac9984e584c409de9d7a83b05f;0;0;0;0;0;0;0;0;0;0;0;1;1;0;265232720;30816019;2146708190;true;true;false;NONE;null;0;
guilhermejccavalcanti/sonarqube;0ad8ad2414a4c6ada37141b13e4f3ec6c32dbc05;0;0;0;0;0;0;0;0;0;0;0;1;1;0;429017998;39098163;2316119127;true;true;false;EXTERNAL;/builds/426516518;2003;/jobs/426516519
guilhermejccavalcanti/geotools;66aa6cd5671fdb710cfe4c6a3264882068213045;0;0;0;0;0;0;0;0;0;0;0;1;0;0;7988226911;350989927;45028965234;true;false;false;PASSED;/builds/426521724;3677;/jobs/426521725
guilhermejccavalcanti/pinpoint;0262e6a4888ac787b07885f552689b03c5c800b6;0;0;0;0;0;0;0;0;0;0;0;1;0;0;581018742;51925928;4685172464;true;false;false;EXTERNAL;/builds/426527899;45;
guilhermejccavalcanti/sonarqube;ba47e7fd393657a540cdee36df8ba362b671069d;0;0;0;0;0;0;0;0;0;0;0;1;0;0;809755658;81287979;5174744936;true;false;false;EXTERNAL;/builds/426528175;294;/jobs/426528176
guilhermejccavalcanti/vavr;35d86c0d57ad12f39d6a84bbe306f9bae51a50c3;0;0;0;0;0;0;0;0;0;0;0;1;0;0;9797087796;485314489;55635919412;true;false;false;PASSED;/builds/415844105;301;/jobs/415844106
guilhermejccavalcanti/vavr;5ae4eb40bbd61be24d6e28af8f25e3e5a639f587;0;0;0;0;0;0;0;0;0;0;0;1;0;0;10245135735;482752339;57780001429;true;false;false;PASSED;/builds/415846729;323;/jobs/415846730
guilhermejccavalcanti/jackson-databind;703e2b4d2227645ecb8c62513469eb658b51fad2;0;0;0;0;0;0;0;0;0;0;0;1;1;0;1978138828;116186614;8024882307;true;false;false;ERRORED;/builds/426529335;111;/jobs/426529337
guilhermejccavalcanti/structr;71664d396a5e7dc51270d03c3499e8f9ea6b5591;0;0;0;0;0;0;0;0;0;0;0;5;5;0;1754738076;166405884;11206106542;true;false;false;EXTERNAL;/builds/426529743;33;
guilhermejccavalcanti/pinpoint;4ace8343bcbf224b7c3f2c5176cd16b4a283fcf0;0;0;0;0;0;0;0;0;0;0;0;1;1;0;2563140904;156065422;13613261513;true;false;false;EXTERNAL;/builds/426529868;50;
guilhermejccavalcanti/jackson-databind;cc478a2b587b91cf7563847540472e57a2c9a7b2;0;0;0;0;0;0;0;0;0;0;0;1;1;0;3285513115;139753206;24440474995;false;false;false;NONE;null;0;
guilhermejccavalcanti/jackson-databind;23a30a77bc9b03d9feb480d189605c8a9983ccf1;0;0;0;0;0;0;0;0;0;0;0;1;0;0;2250705102;111283764;13363056531;true;false;false;ERRORED;/builds/426530213;1271;/jobs/426530215
guilhermejccavalcanti/wikibrain;77676ec32fae6a47bf31b28ce9695a98a2c475f8;0;0;0;0;0;0;0;0;0;0;0;1;1;0;419141160;42947884;2864370236;true;false;false;EXTERNAL;/builds/426533281;19;
guilhermejccavalcanti/jackson-databind;cb38b3dccdca030f63e42f6d403f03fe4abb0629;0;0;0;0;0;0;0;0;0;0;0;1;1;0;301509238;35611856;1537765590;true;false;false;ERRORED;/builds/426533435;98;/jobs/426533437
guilhermejccavalcanti/jackson-databind;57f8cda4ce1d4dbe2d5256a7bf0aa83dfa410acc;0;0;0;0;0;0;0;0;0;0;0;1;1;0;456834841;45877780;2487854063;true;false;false;PASSED;/builds/426533765;299;/jobs/426533767
guilhermejccavalcanti/wikibrain;ff164b57fafee355f4b326decfbe940ce0e9913a;0;0;0;0;0;0;0;0;0;0;0;1;2;0;460120109;55208104;2959070846;true;false;false;EXTERNAL;/builds/426534798;38;
guilhermejccavalcanti/wikibrain;f5d2e7526b0e6f4388cebb349bb2ed33924d74db;0;0;0;0;0;0;0;0;0;0;0;1;2;0;500637599;53265149;3032778458;true;false;false;EXTERNAL;/builds/426534978;28;
guilhermejccavalcanti/jackson-databind;96171fb5caad389a1016e98b9119e5240cf8866c;0;0;0;0;0;0;0;0;0;0;0;1;2;0;1023887943;54695612;5250533755;true;false;false;ERRORED;/builds/426535178;137;/jobs/426535180
guilhermejccavalcanti/wikibrain;cce3a0ab1118ecf9fd8b7ea91b2eade28a8678ae;0;0;0;0;0;0;0;0;0;0;0;1;1;0;372015708;58060367;2187819515;true;true;false;EXTERNAL;/builds/426535570;36;
guilhermejccavalcanti/cloud-slang;17f3f6bcb639b9dcce958f14cc0bd915f439457d;0;0;0;0;0;0;0;0;0;0;0;1;1;0;890190618;53846304;4479716976;true;true;false;FAILED;/builds/426535774;922;/jobs/426535775
guilhermejccavalcanti/java-driver;3869f1bc35d38067d639ddb4f25ed17dc450ec2f;0;0;0;0;0;0;0;0;0;0;0;1;1;0;5153189035;334553375;27016921207;true;false;false;PASSED;/builds/426537317;211;/jobs/426537320
guilhermejccavalcanti/structr;c4de7532cf7d9f1147bea206c7b512bd11b90282;0;0;0;0;0;0;0;0;0;0;0;2;2;0;1351373136;116941897;7571498205;true;false;false;EXTERNAL;/builds/426537702;46;
guilhermejccavalcanti/vavr;204635d9156b498079c2f34b821dca7ca1711ef6;0;0;0;0;0;0;0;0;0;0;0;3;3;0;6265488811;335898165;40927334073;true;false;false;PASSED;/builds/426538075;341;/jobs/426538076
guilhermejccavalcanti/okhttp;ff622aff0facbd9a77d630610b3e98c1842d223a;0;0;0;0;0;0;0;0;0;0;0;2;0;0;2824440396;263857311;15082925974;true;false;false;EXTERNAL;/builds/426539169;86;
guilhermejccavalcanti/jackson-databind;c64b5a8b36fef8385e47e865514b51534d3d5795;0;0;0;0;0;0;0;0;0;0;0;2;3;0;1235306834;111522536;4725575208;false;false;false;NONE;null;0;
guilhermejccavalcanti/swagger-core;e7fea7c4889dbdd6a4e0b2d059c8aa0f126ab1c2;0;0;0;0;0;0;0;0;0;0;0;1;1;0;1096870273;83537748;6251277286;true;false;false;PASSED;/builds/426539691;131;/jobs/426539692
guilhermejccavalcanti/wikibrain;a2455ae04860d738f4388e8a3726c00a8450cda0;0;0;0;0;0;0;0;0;0;0;0;1;1;0;321597874;34021492;2014683810;true;true;false;EXTERNAL;/builds/426540452;40;
guilhermejccavalcanti/cloud-slang;630aa74d7e08d539269e5fd137b2258020e802ef;0;0;0;0;0;0;0;0;0;0;0;1;4;0;2517045385;187489194;13898601736;true;false;false;ERRORED;/builds/426540773;629;/jobs/426540774
guilhermejccavalcanti/cloud-slang;77b00c12ae84f8e85989343f3b0b151609aff7ef;0;0;0;0;0;0;0;0;0;0;0;1;1;0;335840946;67291410;1779517392;false;false;false;NONE;null;0;
guilhermejccavalcanti/cloud-slang;84737b2d06d446e7148f5d8b49b54e49c508d6ae;0;0;0;0;0;0;0;0;0;0;0;3;11;0;9246244223;853376247;45990145433;false;false;false;NONE;null;0;
guilhermejccavalcanti/ontop;70de85982854b32f0e510d6e148825ff70f5f1a2;0;0;0;0;0;0;0;0;0;0;0;4;41;0;24860015141;2320463712;2,02199E+11;false;false;false;NONE;null;0;
guilhermejccavalcanti/pinpoint;47517674d43183f7876ac1a6f9dd26b0cb7830a5;0;0;0;0;0;0;0;0;0;0;0;4;4;0;5239588940;710216531;34728473866;true;false;false;EXTERNAL;/builds/426544688;42;
guilhermejccavalcanti/cloud-slang;4712a913d2b696b00c2b38a42ff8edc42de33a11;0;0;0;0;0;0;0;0;0;0;0;1;0;0;577108092;46874309;2939448927;true;false;false;EXTERNAL;/builds/426544839;213;
guilhermejccavalcanti/dropwizard;b1ecac515d509e7e30961217bbefa3cfb8a70fa8;0;0;0;0;0;0;0;0;0;0;0;1;0;0;342525921;39915614;1944520959;true;false;true;EXTERNAL;/builds/426545365;1550;
guilhermejccavalcanti/dropwizard;7bfdeab23732fbcbcd9ff6dc2dae01df5f2f71b8;0;0;0;0;0;0;0;0;0;0;0;1;1;0;433817855;54339002;2153022636;true;false;false;EXTERNAL;/builds/426553056;1562;
guilhermejccavalcanti/Spout;519b3c177b2c2f42f5b32367eb1f16cf8284279f;0;0;0;0;0;0;0;0;0;0;0;1;1;0;267161756;32881761;2330704273;true;false;false;EXTERNAL;/builds/426560027;21;
guilhermejccavalcanti/cloud-slang;e9a1c2a48cd22ccbd36d12cd6b798e83358a88d3;0;0;0;0;0;0;0;0;0;0;0;2;7;0;2820210250;243254945;14930789761;true;false;false;EXTERNAL;/builds/426560402;83;
guilhermejccavalcanti/DSpace;cc4dd7063f25d8962f6bf97f72a1ab8222288b12;0;0;0;0;0;0;0;0;0;0;0;1;1;0;2221790901;199530437;9683155590;true;false;false;FAILED;/builds/426561169;1493;/jobs/426561170
guilhermejccavalcanti/DSpace;89ed2892140b7a70c199dae772b88be47828f9ac;0;0;0;0;0;0;0;0;0;0;0;4;4;0;222293187;36028468;1510983629;true;true;false;EXTERNAL;/builds/426569193;451;/jobs/426569194
guilhermejccavalcanti/DSpace;fbfe388d11d09683a4273d076d3098e0a64d5235;0;0;0;0;0;0;0;0;0;0;0;1;1;0;1478440849;59430827;6429770808;true;false;false;EXTERNAL;/builds/426572452;442;/jobs/426572453
guilhermejccavalcanti/pinpoint;3ceb61496c5fe7392d2a3f00fa8040d0f70d4759;0;0;0;0;0;0;0;0;0;0;0;2;4;0;2215903584;253858924;12749467480;true;false;false;EXTERNAL;/builds/426575542;55;
guilhermejccavalcanti/DSpace;e1072858e71fdeafff2c41e8caf138c40e06208a;0;0;0;0;0;0;0;0;0;0;0;1;0;0;199609306;30170224;1046678529;true;false;false;EXTERNAL;/builds/426576296;399;/jobs/426576297
guilhermejccavalcanti/DSpace;c195bf0695323fa6bf8dcd30b4bb131910b91f54;0;0;0;0;0;0;0;0;0;0;0;3;1;0;1283529954;144410172;7417791114;true;false;false;EXTERNAL;/builds/426578909;582;/jobs/426578910
guilhermejccavalcanti/DSpace;b1e4d3980b5eac01818fffae22fd05e11fa097ce;0;0;0;0;0;0;0;0;0;0;0;3;3;0;4097587822;252300415;20551580296;true;false;false;EXTERNAL;/builds/426582871;748;/jobs/426582872
guilhermejccavalcanti/storm;8cb379fd995c489f765dac81d334946993ab6bd9;0;0;0;0;0;0;0;0;0;0;0;1;1;0;1710224262;165078725;10518977825;true;false;false;EXTERNAL;/builds/426587983;3049;
guilhermejccavalcanti/vavr;765071b98dec43af5710b99792818844d4d2046e;0;0;0;0;0;0;0;0;0;0;0;1;0;0;950133938;52855651;4584569691;true;false;false;PASSED;/builds/426605994;1120;/jobs/426605995
guilhermejccavalcanti/storm;e8c08927eb7227cc716a54f99d8f90d1b0c3f1f2;0;0;0;0;0;0;0;0;0;0;0;1;2;0;479489958;47019366;2444045737;true;false;false;EXTERNAL;/builds/426612521;262;
guilhermejccavalcanti/Singularity;f1a299ed60b89d3f1644cf0193f5c5436943807b;0;0;0;0;0;0;0;0;0;0;0;2;2;0;483531439;44803927;3221659453;true;true;false;EXTERNAL;/builds/426613652;720;
guilhermejccavalcanti/Singularity;5f3ab3c6bd12e576c59e512a1de31f50eec91c44;0;0;0;0;0;0;0;0;0;0;0;1;0;0;2219164418;157607846;13227104178;true;false;false;EXTERNAL;/builds/426615953;1333;
guilhermejccavalcanti/Singularity;361c112169da68e124eb52ff2f74ede21151121d;0;0;0;0;0;0;0;0;0;0;0;1;1;0;1455033850;81385405;30504255972;true;true;false;EXTERNAL;/builds/426621873;624;/jobs/426621874
guilhermejccavalcanti/cat;5d99a7b2205949d7d32b57f39849f9715f3b0047;0;0;0;0;0;0;0;0;0;0;0;2;2;0;1285803229;116327649;7446100962;true;false;false;EXTERNAL;/builds/426624154;117;
guilhermejccavalcanti/Singularity;1461ee8f33b7fd881dd49c64eb492c8fbc93a068;0;0;0;0;0;0;0;0;0;0;0;1;1;0;757348786;48630143;3589408828;true;true;false;EXTERNAL;/builds/426625074;955;/jobs/426625075
guilhermejccavalcanti/Singularity;ec69915f065bf3b7b86c9f13d0c3ee313ad7163d;0;0;0;0;0;0;0;0;0;0;0;1;2;0;1127489584;89764046;6466022274;true;false;false;EXTERNAL;/builds/426629241;2199;/jobs/426629242
guilhermejccavalcanti/Singularity;7e91efa4084a54454623006a45bc1db07b36bd56;0;0;0;0;0;0;0;0;0;0;0;1;0;0;4312640553;359701054;69905382898;true;false;false;EXTERNAL;/builds/416043469;1414;/jobs/416043470
guilhermejccavalcanti/Singularity;057e26aff345e5e8896cbc12c76a99daa4781fa8;0;0;0;0;0;0;0;0;0;0;0;2;2;0;3215379338;163754349;21498981046;false;false;false;NONE;null;0;
guilhermejccavalcanti/Singularity;32626713f3a7827000ca8ff22a941163a41ec07e;0;0;0;0;0;0;0;0;0;0;0;17;13;0;5089409908;299058741;36237144012;false;false;false;NONE;null;0;
guilhermejccavalcanti/Singularity;cc1fd41b59e4549ba0d74f63df5c700e15697d25;0;0;0;0;0;0;0;0;0;0;0;1;1;0;427359899;47040707;5793339521;true;false;false;EXTERNAL;/builds/426636430;39;
guilhermejccavalcanti/cat;fdc133befae3407d4851f51a7faf76cae3f1f7de;0;0;0;0;0;0;0;0;0;0;0;1;1;0;320637841;28856982;1624837276;true;true;false;EXTERNAL;/builds/426636999;4;
guilhermejccavalcanti/cat;415b071170024e700232b341f847f3bd3f8de2e8;0;0;0;0;0;0;0;0;0;0;0;1;0;0;365347745;37342637;2385794538;true;false;false;FAILED;/builds/426637313;147;/jobs/426637314
guilhermejccavalcanti/Singularity;11bf48d46d011dde4ba68acb55479bcd8d0246e2;0;0;0;0;0;0;0;0;0;0;0;1;1;0;5761512126;254899372;40269752362;true;false;false;EXTERNAL;/builds/426638465;39;
guilhermejccavalcanti/Singularity;2fa665c46d1249c2e8661380c26697938e57bce9;0;0;0;0;0;0;0;0;0;0;0;1;1;0;1349237803;96645728;10504905789;true;false;false;EXTERNAL;/builds/426639187;44;
guilhermejccavalcanti/Singularity;aba2a5a0009917331a23a7b936b858932778a034;0;0;0;0;0;0;0;0;0;0;0;1;1;0;597849637;65817029;4523568911;true;false;false;EXTERNAL;/builds/426640121;38;
guilhermejccavalcanti/accumulo;eb6a0381054becda3ade7e634b92e76546614ca0;0;0;0;0;0;0;0;0;0;0;0;1;0;0;804364750;53103392;4409690213;true;false;false;EXTERNAL;/builds/426640749;19;
guilhermejccavalcanti/accumulo;aecfbd5c720d11a9f83912d996d94ab97f4a2423;0;0;0;0;0;0;0;0;0;0;0;2;2;0;1261912501;104469197;7302331947;true;false;false;EXTERNAL;/builds/426641127;31;
guilhermejccavalcanti/accumulo;24289e2c4c32850185b8649a5022b495c3205a83;0;0;0;0;0;0;0;0;0;0;0;1;1;0;409118647;40611823;1935250327;true;true;false;EXTERNAL;/builds/426641720;140;/jobs/426641721
guilhermejccavalcanti/accumulo;c521cf810b8e38ba90dcd75a3b9b27f45e829bd3;0;0;0;0;0;0;0;0;0;0;0;1;1;0;3475343626;208195171;19488174795;true;false;false;EXTERNAL;/builds/426643427;192;/jobs/426643428
guilhermejccavalcanti/accumulo;4d26943e519f62744ba0cf1637ae32153957d53c;0;0;0;0;0;0;0;0;0;0;0;1;1;0;479206030;46586979;2699194395;true;false;false;EXTERNAL;/builds/426645142;195;/jobs/426645143
guilhermejccavalcanti/accumulo;ee8e0705ccb3e0b54ef4a913d05d59c47f8f340a;0;0;0;0;0;0;0;0;0;0;0;1;1;0;6564825295;358013571;53783389070;true;false;false;EXTERNAL;/builds/426647073;206;/jobs/426647074
guilhermejccavalcanti/accumulo;29e0ffd390364e5f36f13736b35b7af71ad90d10;0;0;0;0;0;0;0;0;0;0;0;3;1;0;1853087061;87906456;10415695370;true;false;false;PASSED;/builds/426648805;1449;/jobs/426648806
guilhermejccavalcanti/accumulo;45d73b1fa7883aa8109f9dec37f4c5b065890348;0;0;0;0;0;0;0;0;0;0;0;1;0;0;2012790341;116250017;18093560570;true;false;false;EXTERNAL;/builds/426658242;210;/jobs/426658243
guilhermejccavalcanti/accumulo;d7c50d1fd16334c6c42d90c3241c1751b2d9529e;0;0;0;0;0;0;0;0;0;0;0;1;1;0;276260113;38054003;1699470281;true;true;false;EXTERNAL;/builds/426660169;1077;/jobs/426660170
guilhermejccavalcanti/accumulo;5956d45695c3aef6d97335b4ba0fddd4b018aa51;0;0;0;0;0;0;0;0;0;0;0;1;1;0;3600540140;256767478;20882076416;true;false;false;EXTERNAL;/builds/426667804;234;/jobs/426667806
guilhermejccavalcanti/accumulo;d5ddca13efa61608550353cbba99a39b6e8ed8dd;0;0;0;0;0;0;0;0;0;0;0;1;2;0;1449216741;57352405;6541939137;true;false;false;EXTERNAL;/builds/426670184;706;/jobs/426670185
guilhermejccavalcanti/accumulo;6b139768122103aa2d7c315572da3b7852a483c7;0;0;0;0;0;0;0;0;0;0;0;1;1;0;1004350769;85242548;6143266111;true;false;false;EXTERNAL;/builds/426675551;229;/jobs/426675554
guilhermejccavalcanti/accumulo;8c3c0783a1273b8237a4c358d8f0d39067f360d4;0;0;0;0;0;0;0;0;0;0;0;6;5;0;4759449476;323841149;34755815331;false;false;false;NONE;null;0;
guilhermejccavalcanti/accumulo;10dfc20f56c0cb74eaedd9a5c77ab7a57ab7acfd;0;0;0;0;0;0;0;0;0;0;0;1;3;0;776317487;76623280;3924281700;true;false;false;EXTERNAL;/builds/426678246;550;/jobs/426678247
guilhermejccavalcanti/accumulo;8fdfb3d6b2fb533bb2eccd6291e3aa7bced7f7ec;0;0;0;0;0;0;0;0;0;0;0;2;3;0;1752434183;159254502;12782399965;true;false;false;EXTERNAL;/builds/426683086;74;/jobs/426683087
guilhermejccavalcanti/accumulo;41dcabb14772b192f32b1fa67f770378c4ea068f;0;0;0;0;0;0;0;0;0;0;0;1;1;0;536339459;46326558;3322780596;true;false;false;EXTERNAL;/builds/426684808;627;/jobs/426684809
guilhermejccavalcanti/accumulo;345070da63a7849f8aac8d71a283836366a2fd8e;0;0;0;0;0;0;0;0;0;0;0;3;3;0;5146742519;191284480;17423976277;true;false;false;EXTERNAL;/builds/426690544;246;/jobs/426690545
guilhermejccavalcanti/accumulo;acee578ad6fcd994eadd932f34ad42c387b650f5;0;0;0;0;0;0;0;0;0;0;0;5;5;0;7502716021;348296328;52935204863;true;false;false;EXTERNAL;/builds/426693379;998;/jobs/426693380
